coluna,status,motivo,experimento,tipo_feature
CO_UF_PROVA,removida,Fora da lista de features definida para o experimento.,Modelo A,
NU_ANO,removida,"Vazamento, target, presença, nota, resposta, gabarito, prova ou identificador.",Modelo A,
NU_INSCRICAO,removida,"Vazamento, target, presença, nota, resposta, gabarito, prova ou identificador.",Modelo A,
NU_NOTA_CH,removida,"Vazamento, target, presença, nota, resposta, gabarito, prova ou identificador.",Modelo A,
NU_NOTA_CN,removida,"Vazamento, target, presença, nota, resposta, gabarito, prova ou identificador.",Modelo A,
NU_NOTA_COMP1,removida,"Vazamento, target, presença, nota, resposta, gabarito, prova ou identificador.",Modelo A,
NU_NOTA_COMP2,removida,"Vazamento, target, presença, nota, resposta, gabarito, prova ou identificador.",Modelo A,
NU_NOTA_COMP3,removida,"Vazamento, target, presença, nota, resposta, gabarito, prova ou identificador.",Modelo A,
NU_NOTA_COMP4,removida,"Vazamento, target, presença, nota, resposta, gabarito, prova ou identificador.",Modelo A,
NU_NOTA_COMP5,removida,"Vazamento, target, presença, nota, resposta, gabarito, prova ou identificador.",Modelo A,
NU_NOTA_LC,removida,"Vazamento, target, presença, nota, resposta, gabarito, prova ou identificador.",Modelo A,
NU_NOTA_MT,removida,"Vazamento, target, presença, nota, resposta, gabarito, prova ou identificador.",Modelo A,
NU_NOTA_REDACAO,removida,"Vazamento, target, presença, nota, resposta, gabarito, prova ou identificador.",Modelo A,
SG_UF_PROVA,removida,Fora da lista de features definida para o experimento.,Modelo A,
TP_PRESENCA_CH,removida,"Vazamento, target, presença, nota, resposta, gabarito, prova ou identificador.",Modelo A,
TP_PRESENCA_CN,removida,"Vazamento, target, presença, nota, resposta, gabarito, prova ou identificador.",Modelo A,
TP_PRESENCA_LC,removida,"Vazamento, target, presença, nota, resposta, gabarito, prova ou identificador.",Modelo A,
TP_PRESENCA_MT,removida,"Vazamento, target, presença, nota, resposta, gabarito, prova ou identificador.",Modelo A,
target_desempenho_alto_mt,removida,"Vazamento, target, presença, nota, resposta, gabarito, prova ou identificador.",Modelo A,
CO_UF_PROVA,removida,"Vazamento, target, presença, nota, resposta, gabarito, prova ou identificador.",Modelo B,nao_usada
IN_TREINEIRO,removida,Fora da lista de features definida para o experimento.,Modelo B,nao_usada
NU_ANO,removida,"Vazamento, target, presença, nota, resposta, gabarito, prova ou identificador.",Modelo B,nao_usada
NU_INSCRICAO,removida,Fora da lista de features definida para o experimento.,Modelo B,nao_usada
NU_NOTA_CH,removida,"Vazamento, target, presença, nota, resposta, gabarito, prova ou identificador.",Modelo B,nao_usada
NU_NOTA_CN,removida,"Vazamento, target, presença, nota, resposta, gabarito, prova ou identificador.",Modelo B,nao_usada
NU_NOTA_COMP1,removida,"Vazamento, target, presença, nota, resposta, gabarito, prova ou identificador.",Modelo B,nao_usada
NU_NOTA_COMP2,removida,"Vazamento, target, presença, nota, resposta, gabarito, prova ou identificador.",Modelo B,nao_usada
NU_NOTA_COMP3,removida,"Vazamento, target, presença, nota, resposta, gabarito, prova ou identificador.",Modelo B,nao_usada
NU_NOTA_COMP4,removida,"Vazamento, target, presença, nota, resposta, gabarito, prova ou identificador.",Modelo B,nao_usada
NU_NOTA_COMP5,removida,"Vazamento, target, presença, nota, resposta, gabarito, prova ou identificador.",Modelo B,nao_usada
NU_NOTA_LC,removida,"Vazamento, target, presença, nota, resposta, gabarito, prova ou identificador.",Modelo B,nao_usada
NU_NOTA_MT,removida,"Vazamento, target, presença, nota, resposta, gabarito, prova ou identificador.",Modelo B,nao_usada
NU_NOTA_REDACAO,removida,"Vazamento, target, presença, nota, resposta, gabarito, prova ou identificador.",Modelo B,nao_usada
Q001,removida,Fora da lista de features definida para o experimento.,Modelo B,nao_usada
Q002,removida,Fora da lista de features definida para o experimento.,Modelo B,nao_usada
Q003,removida,Fora da lista de features definida para o experimento.,Modelo B,nao_usada
Q004,removida,Fora da lista de features definida para o experimento.,Modelo B,nao_usada
Q005,removida,Fora da lista de features definida para o experimento.,Modelo B,nao_usada
Q006,removida,Fora da lista de features definida para o experimento.,Modelo B,nao_usada
Q007,removida,Fora da lista de features definida para o experimento.,Modelo B,nao_usada
Q008,removida,Fora da lista de features definida para o experimento.,Modelo B,nao_usada
Q009,removida,Fora da lista de features definida para o experimento.,Modelo B,nao_usada
Q010,removida,Fora da lista de features definida para o experimento.,Modelo B,nao_usada
Q011,removida,Fora da lista de features definida para o experimento.,Modelo B,nao_usada
Q012,removida,Fora da lista de features definida para o experimento.,Modelo B,nao_usada
Q013,removida,Fora da lista de features definida para o experimento.,Modelo B,nao_usada
Q014,removida,Fora da lista de features definida para o experimento.,Modelo B,nao_usada
Q015,removida,Fora da lista de features definida para o experimento.,Modelo B,nao_usada
Q016,removida,Fora da lista de features definida para o experimento.,Modelo B,nao_usada
Q017,removida,Fora da lista de features definida para o experimento.,Modelo B,nao_usada
Q018,removida,Fora da lista de features definida para o experimento.,Modelo B,nao_usada
Q019,removida,Fora da lista de features definida para o experimento.,Modelo B,nao_usada
Q020,removida,Fora da lista de features definida para o experimento.,Modelo B,nao_usada
Q021,removida,Fora da lista de features definida para o experimento.,Modelo B,nao_usada
Q022,removida,Fora da lista de features definida para o experimento.,Modelo B,nao_usada
Q023,removida,Fora da lista de features definida para o experimento.,Modelo B,nao_usada
Q024,removida,Fora da lista de features definida para o experimento.,Modelo B,nao_usada
Q025,removida,Fora da lista de features definida para o experimento.,Modelo B,nao_usada
SG_UF_PROVA,removida,"Vazamento, target, presença, nota, resposta, gabarito, prova ou identificador.",Modelo B,nao_usada
TP_ANO_CONCLUIU,removida,Fora da lista de features definida para o experimento.,Modelo B,nao_usada
TP_COR_RACA,removida,Fora da lista de features definida para o experimento.,Modelo B,nao_usada
TP_ENSINO,removida,Fora da lista de features definida para o experimento.,Modelo B,nao_usada
TP_ESCOLA,removida,Fora da lista de features definida para o experimento.,Modelo B,nao_usada
TP_ESTADO_CIVIL,removida,Fora da lista de features definida para o experimento.,Modelo B,nao_usada
TP_FAIXA_ETARIA,removida,Fora da lista de features definida para o experimento.,Modelo B,nao_usada
TP_NACIONALIDADE,removida,Fora da lista de features definida para o experimento.,Modelo B,nao_usada
TP_PRESENCA_CH,removida,"Vazamento, target, presença, nota, resposta, gabarito, prova ou identificador.",Modelo B,nao_usada
TP_PRESENCA_CN,removida,"Vazamento, target, presença, nota, resposta, gabarito, prova ou identificador.",Modelo B,nao_usada
TP_PRESENCA_LC,removida,"Vazamento, target, presença, nota, resposta, gabarito, prova ou identificador.",Modelo B,nao_usada
TP_PRESENCA_MT,removida,"Vazamento, target, presença, nota, resposta, gabarito, prova ou identificador.",Modelo B,nao_usada
TP_SEXO,removida,Fora da lista de features definida para o experimento.,Modelo B,nao_usada
TP_ST_CONCLUSAO,removida,Fora da lista de features definida para o experimento.,Modelo B,nao_usada
