feature,valor,abs_valor
TP_FAIXA_ETARIA_1.0,1.3545905091617423,1.3545905091617423
TP_FAIXA_ETARIA_2.0,1.3203400650331054,1.3203400650331054
Q005_20.0,1.2696100768708631,1.2696100768708631
TP_FAIXA_ETARIA_19.0,-1.2560169852238972,1.2560169852238972
TP_FAIXA_ETARIA_3.0,1.0944668231620864,1.0944668231620864
TP_ANO_CONCLUIU_0.0,-1.06707370479037,1.06707370479037
TP_DEPENDENCIA_ADM_ESC_1.0,1.0399823118452935,1.0399823118452935
TP_FAIXA_ETARIA_18.0,-1.0165380823854013,1.0165380823854013
TP_ANO_CONCLUIU_1.0,-0.9673433352015124,0.9673433352015124
TP_FAIXA_ETARIA_16.0,-0.9486666342394321,0.9486666342394321
Q006_A,-0.9364508271454948,0.9364508271454948
TP_NACIONALIDADE_2.0,-0.9227639748404067,0.9227639748404067
TP_FAIXA_ETARIA_15.0,-0.9108674107031071,0.9108674107031071
TP_FAIXA_ETARIA_17.0,-0.8297050911054353,0.8297050911054353
TP_FAIXA_ETARIA_4.0,0.8227743230287212,0.8227743230287212
TP_ESTADO_CIVIL_4.0,-0.8078343189221334,0.8078343189221334
Q006_B,-0.7981051501848808,0.7981051501848808
TP_FAIXA_ETARIA_20.0,-0.7666633698678839,0.7666633698678839
TP_ANO_CONCLUIU_2.0,-0.732843862040663,0.732843862040663
TP_FAIXA_ETARIA_5.0,0.7252706210625239,0.7252706210625239
Q015_C,-0.7202009473127351,0.7202009473127351
TP_DEPENDENCIA_ADM_ESC_2.0,-0.7113882167307023,0.7113882167307023
TP_FAIXA_ETARIA_14.0,-0.6871500597258743,0.6871500597258743
Q006_Q,0.6812631447583964,0.6812631447583964
CO_MUNICIPIO_ESC_3302270.0,-0.6580431932956057,0.6580431932956057
NO_MUNICIPIO_ESC_Japeri,-0.6580431932956057,0.6580431932956057
CO_MUNICIPIO_ESC_3303708.0,-0.6554500204539615,0.6554500204539615
NO_MUNICIPIO_ESC_Paraíba do Sul,-0.6554500204539615,0.6554500204539615
NO_MUNICIPIO_ESC_Cachoeiras de Macacu,-0.6496059771047421,0.6496059771047421
CO_MUNICIPIO_ESC_3300803.0,-0.6496059771047421,0.6496059771047421
Q002_A,-0.6000508014880769,0.6000508014880769
Q005_1.0,0.5705190778579714,0.5705190778579714
TP_FAIXA_ETARIA_6.0,0.5567288579428026,0.5567288579428026
CO_MUNICIPIO_ESC_3303856.0,0.5496809110085805,0.5496809110085805
NO_MUNICIPIO_ESC_Paty do Alferes,0.5496809110085805,0.5496809110085805
CO_MUNICIPIO_ESC_3305505.0,0.5317802477536879,0.5317802477536879
NO_MUNICIPIO_ESC_Saquarema,0.5317802477536879,0.5317802477536879
NO_MUNICIPIO_ESC_Rio Claro,0.5262238900558346,0.5262238900558346
CO_MUNICIPIO_ESC_3304409.0,0.5262238900558346,0.5262238900558346
Q006_C,-0.5261381696963666,0.5261381696963666
Q006_P,0.5138478138066712,0.5138478138066712
Q014_D,0.5121999053854711,0.5121999053854711
Q012_A,0.509719327763092,0.509719327763092
CO_MUNICIPIO_ESC_3304508.0,0.5058763494494859,0.5058763494494859
NO_MUNICIPIO_ESC_Rio das Flores,0.5058763494494859,0.5058763494494859
TP_ST_CONCLUSAO_1.0,0.5020786015810113,0.5020786015810113
Q024_A,-0.49741171527138994,0.49741171527138994
TP_ANO_CONCLUIU_9.0,0.490321907675119,0.490321907675119
CO_MUNICIPIO_ESC_3300456.0,-0.47365337490778886,0.47365337490778886
NO_MUNICIPIO_ESC_Belford Roxo,-0.47365337490778886,0.47365337490778886
CO_MUNICIPIO_ESC_3305000.0,0.46751445085096643,0.46751445085096643
NO_MUNICIPIO_ESC_São João da Barra,0.46751445085096643,0.46751445085096643
TP_ANO_CONCLUIU_3.0,-0.45620380476004385,0.45620380476004385
NO_MUNICIPIO_ESC_Itaocara,0.4451364220996039,0.4451364220996039
CO_MUNICIPIO_ESC_3302106.0,0.4451364220996039,0.4451364220996039
TP_ANO_CONCLUIU_10.0,0.4267272858633285,0.4267272858633285
NO_MUNICIPIO_ESC_Barbacena,0.4233025173356266,0.4233025173356266
CO_MUNICIPIO_ESC_3105608.0,0.4233025173356266,0.4233025173356266
Q006_O,0.4051059075678192,0.4051059075678192
NO_MUNICIPIO_ESC_Piraí,-0.4042613705050072,0.4042613705050072
CO_MUNICIPIO_ESC_3304003.0,-0.4042613705050072,0.4042613705050072
Q013_A,-0.4006885931496963,0.4006885931496963
TP_ANO_CONCLUIU_12.0,0.40002478028322674,0.40002478028322674
SG_UF_ESC_GO,0.39994821859582014,0.39994821859582014
CO_UF_ESC_52.0,0.39994821859582014,0.39994821859582014
NO_MUNICIPIO_ESC_São José de Ubá,0.39682109749315253,0.39682109749315253
CO_MUNICIPIO_ESC_3305133.0,0.39682109749315253,0.39682109749315253
CO_MUNICIPIO_ESC_3303104.0,-0.3921281939314891,0.3921281939314891
NO_MUNICIPIO_ESC_Natividade,-0.3921281939314891,0.3921281939314891
TP_FAIXA_ETARIA_7.0,0.38480223198005453,0.38480223198005453
TP_NACIONALIDADE_0.0,0.3829698108913532,0.3829698108913532
NO_MUNICIPIO_ESC_Duas Barras,0.37771874219253415,0.37771874219253415
CO_MUNICIPIO_ESC_3301603.0,0.37771874219253415,0.37771874219253415
Q006_D,-0.37724683249023117,0.37724683249023117
TP_FAIXA_ETARIA_8.0,0.3742049235778081,0.3742049235778081
NO_MUNICIPIO_ESC_Santana do Deserto,0.37403749942245607,0.37403749942245607
CO_MUNICIPIO_ESC_3158607.0,0.37403749942245607,0.37403749942245607
TP_NACIONALIDADE_3.0,0.37188954250557016,0.37188954250557016
NO_MUNICIPIO_ESC_Miguel Pereira,0.37172064893768936,0.37172064893768936
CO_MUNICIPIO_ESC_3302908.0,0.37172064893768936,0.37172064893768936
TP_COR_RACA_2.0,-0.36885976480800586,0.36885976480800586
TP_SEXO_M,0.36759584593300393,0.36759584593300393
CO_MUNICIPIO_ESC_3301850.0,-0.36622941771611073,0.36622941771611073
NO_MUNICIPIO_ESC_Guapimirim,-0.36622941771611073,0.36622941771611073
CO_MUNICIPIO_ESC_5206206.0,0.36199581457875846,0.36199581457875846
NO_MUNICIPIO_ESC_Cristalina,0.36199581457875846,0.36199581457875846
Q012_E,-0.35790546082251756,0.35790546082251756
Q016_E,0.3515903254412686,0.3515903254412686
Q002_G,0.3498749378865234,0.3498749378865234
NO_MUNICIPIO_ESC_Bom Jesus do Itabapoana,-0.34226278551936146,0.34226278551936146
CO_MUNICIPIO_ESC_3300605.0,-0.34226278551936146,0.34226278551936146
Q015_D,0.34224887081065947,0.34224887081065947
TP_SEXO_F,-0.33836092806889145,0.33836092806889145
Q002_F,0.3363840755244613,0.3363840755244613
TP_ANO_CONCLUIU_14.0,0.33513802843823876,0.33513802843823876
Q006_K,0.3341231925768714,0.3341231925768714
TP_COR_RACA_0.0,0.3331955146449464,0.3331955146449464
TP_ANO_CONCLUIU_17.0,0.332717043530529,0.332717043530529
NO_MUNICIPIO_ESC_São José do Vale do Rio Preto,-0.331117786613955,0.331117786613955
CO_MUNICIPIO_ESC_3305158.0,-0.331117786613955,0.331117786613955
CO_MUNICIPIO_ESC_3300233.0,-0.33106351075842794,0.33106351075842794
NO_MUNICIPIO_ESC_Armação dos Búzios,-0.33106351075842794,0.33106351075842794
Q016_C,-0.32867801835524385,0.32867801835524385
CO_MUNICIPIO_PROVA_3304151,-0.32855890098830126,0.32855890098830126
NO_MUNICIPIO_PROVA_Quissamã,-0.32855890098830126,0.32855890098830126
Q013_E,0.32202611994991864,0.32202611994991864
TP_ESTADO_CIVIL_1.0,0.3187622674635756,0.3187622674635756
Q001_F,0.3163378332598458,0.3163378332598458
TP_FAIXA_ETARIA_13.0,-0.31475439652135634,0.31475439652135634
NO_MUNICIPIO_PROVA_Saquarema,-0.3105094198418939,0.3105094198418939
CO_MUNICIPIO_PROVA_3305505,-0.3105094198418939,0.3105094198418939
TP_ST_CONCLUSAO_4.0,-0.30991576355301703,0.30991576355301703
CO_MUNICIPIO_ESC_3302254.0,0.30934599699992776,0.30934599699992776
NO_MUNICIPIO_ESC_Itatiaia,0.30934599699992776,0.30934599699992776
CO_MUNICIPIO_ESC_3303807.0,0.3088924860930824,0.3088924860930824
NO_MUNICIPIO_ESC_Paraty,0.3088924860930824,0.3088924860930824
NO_MUNICIPIO_ESC_Carapebus,-0.30768734345876253,0.30768734345876253
CO_MUNICIPIO_ESC_3300936.0,-0.30768734345876253,0.30768734345876253
NO_MUNICIPIO_PROVA_Miracema,0.30699536666253713,0.30699536666253713
CO_MUNICIPIO_PROVA_3303005,0.30699536666253713,0.30699536666253713
TP_COR_RACA_1.0,0.30134342420710053,0.30134342420710053
Q006_N,0.2938212778948905,0.2938212778948905
TP_ANO_CONCLUIU_7.0,0.2894568254773308,0.2894568254773308
TP_COR_RACA_5.0,-0.28464226284159894,0.28464226284159894
CO_MUNICIPIO_ESC_3304110.0,-0.28368978916449855,0.28368978916449855
NO_MUNICIPIO_ESC_Porto Real,-0.28368978916449855,0.28368978916449855
CO_MUNICIPIO_ESC_3304151.0,-0.2836592930904139,0.2836592930904139
NO_MUNICIPIO_ESC_Quissamã,-0.2836592930904139,0.2836592930904139
TP_ANO_CONCLUIU_8.0,0.2806067210770492,0.2806067210770492
Q011_D,-0.2784399575035565,0.2784399575035565
Q024_E,0.2777714915135417,0.2777714915135417
CO_MUNICIPIO_ESC_3301405.0,-0.27704054792901395,0.27704054792901395
NO_MUNICIPIO_ESC_Conceição de Macabu,-0.27704054792901395,0.27704054792901395
Q017_E,0.27684151839734006,0.27684151839734006
TP_NACIONALIDADE_4.0,0.2745879111619081,0.2745879111619081
CO_MUNICIPIO_ESC_3304300.0,0.27097597172677645,0.27097597172677645
NO_MUNICIPIO_ESC_Rio Bonito,0.27097597172677645,0.27097597172677645
NO_MUNICIPIO_ESC_Cardoso Moreira,-0.27008967723600563,0.27008967723600563
CO_MUNICIPIO_ESC_3301157.0,-0.27008967723600563,0.27008967723600563
NO_MUNICIPIO_PROVA_Teresópolis,0.265969787541667,0.265969787541667
CO_MUNICIPIO_PROVA_3305802,0.265969787541667,0.265969787541667
CO_MUNICIPIO_ESC_3304755.0,-0.26420587145387997,0.26420587145387997
NO_MUNICIPIO_ESC_São Francisco de Itabapoana,-0.26420587145387997,0.26420587145387997
Q006_M,0.26398164741457497,0.26398164741457497
NO_MUNICIPIO_ESC_São Fidélis,0.26243502893602166,0.26243502893602166
CO_MUNICIPIO_ESC_3304805.0,0.26243502893602166,0.26243502893602166
CO_MUNICIPIO_ESC_3301801.0,0.25815765266220553,0.25815765266220553
NO_MUNICIPIO_ESC_Engenheiro Paulo de Frontin,0.25815765266220553,0.25815765266220553
Q001_A,-0.25620045216749776,0.25620045216749776
Q024_D,0.2549579316907049,0.2549579316907049
CO_UF_ESC_32.0,-0.2538930763216875,0.2538930763216875
SG_UF_ESC_ES,-0.2538930763216875,0.2538930763216875
Q005_8.0,-0.25240540579048804,0.25240540579048804
TP_ANO_CONCLUIU_13.0,0.2511107990070152,0.2511107990070152
NO_MUNICIPIO_ESC_Areal,0.2492365332460405,0.2492365332460405
CO_MUNICIPIO_ESC_3300225.0,0.2492365332460405,0.2492365332460405
CO_MUNICIPIO_PROVA_3302007,-0.24887752592535484,0.24887752592535484
NO_MUNICIPIO_PROVA_Itaguaí,-0.24887752592535484,0.24887752592535484
CO_UF_ESC_31.0,0.24729350803387576,0.24729350803387576
SG_UF_ESC_MG,0.24729350803387576,0.24729350803387576
Q008_A,-0.2441010010696647,0.2441010010696647
Q005_6.0,-0.24400350721839317,0.24400350721839317
CO_MUNICIPIO_ESC_3304128.0,-0.24097001717644032,0.24097001717644032
NO_MUNICIPIO_ESC_Quatis,-0.24097001717644032,0.24097001717644032
Q005_5.0,-0.23999558883700403,0.23999558883700403
NO_MUNICIPIO_PROVA_Itaperuna,0.23518441762376338,0.23518441762376338
CO_MUNICIPIO_PROVA_3302205,0.23518441762376338,0.23518441762376338
Q005_11.0,-0.2311573641040487,0.2311573641040487
CO_MUNICIPIO_ESC_3300100.0,0.2270515294212389,0.2270515294212389
NO_MUNICIPIO_ESC_Angra dos Reis,0.2270515294212389,0.2270515294212389
Q016_D,0.2233059684963009,0.2233059684963009
TP_ANO_CONCLUIU_16.0,0.2177844762784524,0.2177844762784524
CO_MUNICIPIO_PROVA_3300308,0.21733722719399598,0.21733722719399598
NO_MUNICIPIO_PROVA_Barra do Piraí,0.21733722719399598,0.21733722719399598
TP_DEPENDENCIA_ADM_ESC_3.0,-0.21385750269586334,0.21385750269586334
Q015_E,0.21364701702146285,0.21364701702146285
NO_MUNICIPIO_ESC_Pinheiral,-0.21349120300095545,0.21349120300095545
CO_MUNICIPIO_ESC_3303955.0,-0.21349120300095545,0.21349120300095545
Q002_E,0.2128160059547032,0.2128160059547032
NO_MUNICIPIO_ESC_Trajano de Moraes,-0.21199936923480792,0.21199936923480792
CO_MUNICIPIO_ESC_3305901.0,-0.21199936923480792,0.21199936923480792
Q006_E,-0.2116831284440656,0.2116831284440656
Q011_E,0.20952837920135606,0.20952837920135606
TP_SIT_FUNC_ESC_3.0,-0.20600518433813061,0.20600518433813061
Q012_D,-0.20334183430077854,0.20334183430077854
TP_ANO_CONCLUIU_4.0,-0.20085953349590394,0.20085953349590394
NO_MUNICIPIO_ESC_Arraial do Cabo,-0.20002984208736005,0.20002984208736005
CO_MUNICIPIO_ESC_3300258.0,-0.20002984208736005,0.20002984208736005
CO_MUNICIPIO_ESC_3301504.0,-0.19803867786082915,0.19803867786082915
NO_MUNICIPIO_ESC_Cordeiro,-0.19803867786082915,0.19803867786082915
TP_SIT_FUNC_ESC_2.0,0.1971407172936707,0.1971407172936707
Q019_A,0.19680594088979786,0.19680594088979786
TP_ESTADO_CIVIL_3.0,0.1961985651512278,0.1961985651512278
Q013_D,0.19531354026745568,0.19531354026745568
NO_MUNICIPIO_PROVA_Itaboraí,-0.19389556555957424,0.19389556555957424
CO_MUNICIPIO_PROVA_3301900,-0.19389556555957424,0.19389556555957424
CO_MUNICIPIO_ESC_3305406.0,-0.19239912309886464,0.19239912309886464
NO_MUNICIPIO_ESC_Sapucaia,-0.19239912309886464,0.19239912309886464
CO_MUNICIPIO_ESC_3303401.0,0.19026804478645615,0.19026804478645615
NO_MUNICIPIO_ESC_Nova Friburgo,0.19026804478645615,0.19026804478645615
Q001_G,0.19023085271081153,0.19023085271081153
TP_ANO_CONCLUIU_15.0,0.18769738696786759,0.18769738696786759
Q006_J,0.18476516868726267,0.18476516868726267
Q005_10.0,-0.1843001449177915,0.1843001449177915
Q014_E,-0.1827057785624572,0.1827057785624572
Q008_E,0.18096214859534035,0.18096214859534035
NO_MUNICIPIO_ESC_Casimiro de Abreu,0.1808791552344461,0.1808791552344461
CO_MUNICIPIO_ESC_3301306.0,0.1808791552344461,0.1808791552344461
CO_MUNICIPIO_PROVA_3300605,-0.18053092344302293,0.18053092344302293
NO_MUNICIPIO_PROVA_Bom Jesus do Itabapoana,-0.18053092344302293,0.18053092344302293
NO_MUNICIPIO_ESC_Chiador,-0.17998949273350903,0.17998949273350903
CO_MUNICIPIO_ESC_3116209.0,-0.17998949273350903,0.17998949273350903
TP_ENSINO_2.0,0.1764725226224575,0.1764725226224575
TP_ESTADO_CIVIL_2.0,0.17583759886786213,0.17583759886786213
CO_MUNICIPIO_PROVA_3304144,-0.17370779562490107,0.17370779562490107
NO_MUNICIPIO_PROVA_Queimados,-0.17370779562490107,0.17370779562490107
CO_MUNICIPIO_ESC_3147808.0,-0.17329512297189326,0.17329512297189326
NO_MUNICIPIO_ESC_Passa Vinte,-0.17329512297189326,0.17329512297189326
Q022_B,-0.17156443374638874,0.17156443374638874
CO_MUNICIPIO_PROVA_3303401,0.1707602791961013,0.1707602791961013
NO_MUNICIPIO_PROVA_Nova Friburgo,0.1707602791961013,0.1707602791961013
NO_MUNICIPIO_ESC_Petrópolis,0.17066337515873112,0.17066337515873112
CO_MUNICIPIO_ESC_3303906.0,0.17066337515873112,0.17066337515873112
NO_MUNICIPIO_ESC_São José do Calçado,-0.17046625959153183,0.17046625959153183
CO_MUNICIPIO_ESC_3204807.0,-0.17046625959153183,0.17046625959153183
SG_UF_ESC_RJ,-0.17018588308811558,0.17018588308811558
CO_UF_ESC_33.0,-0.17018588308811558,0.17018588308811558
NO_MUNICIPIO_PROVA_Resende,0.16961875801455958,0.16961875801455958
CO_MUNICIPIO_PROVA_3304201,0.16961875801455958,0.16961875801455958
CO_MUNICIPIO_ESC_3304144.0,0.16901605821215784,0.16901605821215784
NO_MUNICIPIO_ESC_Queimados,0.16901605821215784,0.16901605821215784
Q006_L,0.16868944513386971,0.16868944513386971
CO_MUNICIPIO_PROVA_3302270,-0.1685633122201044,0.1685633122201044
NO_MUNICIPIO_PROVA_Japeri,-0.1685633122201044,0.1685633122201044
NO_MUNICIPIO_PROVA_São Pedro da Aldeia,0.1685306660207452,0.1685306660207452
CO_MUNICIPIO_PROVA_3305208,0.1685306660207452,0.1685306660207452
NO_MUNICIPIO_PROVA_Santo Antônio de Pádua,0.1674667742853705,0.1674667742853705
CO_MUNICIPIO_PROVA_3304706,0.1674667742853705,0.1674667742853705
Q011_C,0.16735219080705452,0.16735219080705452
CO_MUNICIPIO_ESC_3300407.0,0.16407061219646638,0.16407061219646638
NO_MUNICIPIO_ESC_Barra Mansa,0.16407061219646638,0.16407061219646638
NO_MUNICIPIO_ESC_Macuco,-0.16236241146160246,0.16236241146160246
CO_MUNICIPIO_ESC_3302452.0,-0.16236241146160246,0.16236241146160246
Q022_A,-0.1620581968966203,0.1620581968966203
CO_MUNICIPIO_PROVA_3306305,0.16163060017835615,0.16163060017835615
NO_MUNICIPIO_PROVA_Volta Redonda,0.16163060017835615,0.16163060017835615
CO_MUNICIPIO_ESC_3305208.0,-0.15986613935865776,0.15986613935865776
NO_MUNICIPIO_ESC_São Pedro da Aldeia,-0.15986613935865776,0.15986613935865776
CO_MUNICIPIO_PROVA_3302106,0.1578632060993735,0.1578632060993735
NO_MUNICIPIO_PROVA_Itaocara,0.1578632060993735,0.1578632060993735
Q022_C,0.15774529990206212,0.15774529990206212
NO_MUNICIPIO_ESC_Itaguaí,-0.15601350812054537,0.15601350812054537
CO_MUNICIPIO_ESC_3302007.0,-0.15601350812054537,0.15601350812054537
TP_ANO_CONCLUIU_11.0,0.15596104894538296,0.15596104894538296
CO_MUNICIPIO_ESC_3302858.0,0.15257035742634048,0.15257035742634048
NO_MUNICIPIO_ESC_Mesquita,0.15257035742634048,0.15257035742634048
Q001_B,-0.15020942244602398,0.15020942244602398
NO_MUNICIPIO_ESC_Seropédica,0.15013721121912368,0.15013721121912368
CO_MUNICIPIO_ESC_3305554.0,0.15013721121912368,0.15013721121912368
NO_MUNICIPIO_ESC_Resende,0.14883633454745163,0.14883633454745163
CO_MUNICIPIO_ESC_3304201.0,0.14883633454745163,0.14883633454745163
TP_ENSINO_1.0,-0.14723760476034126,0.14723760476034126
TP_ESTADO_CIVIL_0.0,0.14627080530312084,0.14627080530312084
NO_MUNICIPIO_PROVA_Belford Roxo,-0.14626605993465994,0.14626605993465994
CO_MUNICIPIO_PROVA_3300456,-0.14626605993465994,0.14626605993465994
Q015_A,0.14544706671470448,0.14544706671470448
CO_MUNICIPIO_PROVA_3305554,-0.14402292181409831,0.14402292181409831
NO_MUNICIPIO_PROVA_Seropédica,-0.14402292181409831,0.14402292181409831
Q016_A,-0.14248191678929156,0.14248191678929156
Q005_13.0,-0.1423864061446018,0.1423864061446018
CO_MUNICIPIO_PROVA_3301702,-0.14213608620265786,0.14213608620265786
NO_MUNICIPIO_PROVA_Duque de Caxias,-0.14213608620265786,0.14213608620265786
Q006_I,0.14092533574715232,0.14092533574715232
CO_MUNICIPIO_PROVA_3302858,-0.14001759642271192,0.14001759642271192
NO_MUNICIPIO_PROVA_Mesquita,-0.14001759642271192,0.14001759642271192
Q003_D,0.139782014871581,0.139782014871581
CO_MUNICIPIO_ESC_3305604.0,-0.1383223577789427,0.1383223577789427
NO_MUNICIPIO_ESC_Silva Jardim,-0.1383223577789427,0.1383223577789427
Q005_7.0,-0.1377936938183483,0.1377936938183483
Q025_B,0.13672866917925314,0.13672866917925314
TP_FAIXA_ETARIA_9.0,0.1353570588615591,0.1353570588615591
Q013_B,-0.13227997606191264,0.13227997606191264
NO_MUNICIPIO_PROVA_Cabo Frio,0.13157023023714123,0.13157023023714123
CO_MUNICIPIO_PROVA_3300704,0.13157023023714123,0.13157023023714123
CO_MUNICIPIO_ESC_3554102.0,-0.13045964372645438,0.13045964372645438
NO_MUNICIPIO_ESC_Taubaté,-0.13045964372645438,0.13045964372645438
Q002_B,-0.1300177298104744,0.1300177298104744
CO_MUNICIPIO_ESC_3133006.0,-0.12967472382775308,0.12967472382775308
NO_MUNICIPIO_ESC_Itamonte,-0.12967472382775308,0.12967472382775308
SG_UF_ESC_SP,-0.1295550576111271,0.1295550576111271
CO_UF_ESC_35.0,-0.1295550576111271,0.1295550576111271
IN_TREINEIRO_0.0,0.1294437643562232,0.1294437643562232
Q008_D,0.12821109572516773,0.12821109572516773
NO_MUNICIPIO_ESC_Tanguá,-0.12814706501283898,0.12814706501283898
CO_MUNICIPIO_ESC_3305752.0,-0.12814706501283898,0.12814706501283898
Q019_E,-0.12781265514881426,0.12781265514881426
NO_MUNICIPIO_ESC_Arapeí,-0.1267372368419109,0.1267372368419109
CO_MUNICIPIO_ESC_3503158.0,-0.1267372368419109,0.1267372368419109
CO_MUNICIPIO_ESC_3302056.0,0.1266883488826303,0.1266883488826303
NO_MUNICIPIO_ESC_Italva,0.1266883488826303,0.1266883488826303
Q003_B,-0.1250689241491327,0.1250689241491327
TP_ESCOLA_2.0,-0.12505095529377136,0.12505095529377136
CO_MUNICIPIO_PROVA_3302601,-0.12468747568566561,0.12468747568566561
NO_MUNICIPIO_PROVA_Mangaratiba,-0.12468747568566561,0.12468747568566561
CO_MUNICIPIO_ESC_3151107.0,-0.12188014462242797,0.12188014462242797
NO_MUNICIPIO_ESC_Pirapetinga,-0.12188014462242797,0.12188014462242797
Q010_E,-0.1213089555888675,0.1213089555888675
CO_MUNICIPIO_ESC_3504909.0,0.12127321056668224,0.12127321056668224
NO_MUNICIPIO_ESC_Bananal,0.12127321056668224,0.12127321056668224
Q002_H,-0.1200250101060717,0.1200250101060717
NO_MUNICIPIO_PROVA_Maricá,-0.1177016839690428,0.1177016839690428
CO_MUNICIPIO_PROVA_3302700,-0.1177016839690428,0.1177016839690428
CO_MUNICIPIO_ESC_3301108.0,0.11769989218054842,0.11769989218054842
NO_MUNICIPIO_ESC_Cantagalo,0.11769989218054842,0.11769989218054842
Q022_E,0.11401188873267123,0.11401188873267123
NO_MUNICIPIO_ESC_Rio de Janeiro,0.11394288272443161,0.11394288272443161
CO_MUNICIPIO_ESC_3304557.0,0.11394288272443161,0.11394288272443161
Q005_4.0,-0.11324730633600114,0.11324730633600114
CO_MUNICIPIO_PROVA_3304524,0.11175600258144772,0.11175600258144772
NO_MUNICIPIO_PROVA_Rio das Ostras,0.11175600258144772,0.11175600258144772
CO_MUNICIPIO_ESC_3302403.0,0.11158493424446435,0.11158493424446435
NO_MUNICIPIO_ESC_Macaé,0.11158493424446435,0.11158493424446435
Q005_12.0,-0.11012579981740091,0.11012579981740091
TP_ANO_CONCLUIU_6.0,0.10982653548542133,0.10982653548542133
NO_MUNICIPIO_ESC_Araruama,0.10850414913681874,0.10850414913681874
CO_MUNICIPIO_ESC_3300209.0,0.10850414913681874,0.10850414913681874
Q025_A,-0.1074937513155398,0.1074937513155398
Q014_B,-0.10595493158547077,0.10595493158547077
Q024_B,-0.10594173301727919,0.10594173301727919
Q017_A,-0.10577676226100338,0.10577676226100338
CO_MUNICIPIO_ESC_2408102.0,-0.10550773911903735,0.10550773911903735
NO_MUNICIPIO_ESC_Natal,-0.10550773911903735,0.10550773911903735
CO_UF_ESC_24.0,-0.10550773911903735,0.10550773911903735
SG_UF_ESC_RN,-0.10550773911903735,0.10550773911903735
TP_LOCALIZACAO_ESC_1.0,0.1052695362374798,0.1052695362374798
Q014_C,-0.10276151831214204,0.10276151831214204
NO_MUNICIPIO_PROVA_Valença,0.10235578294227123,0.10235578294227123
CO_MUNICIPIO_PROVA_3306107,0.10235578294227123,0.10235578294227123
Q006_F,-0.10175738662155331,0.10175738662155331
Q009_A,0.10141338678121126,0.10141338678121126
TP_ST_CONCLUSAO_3.0,-0.10020884649230835,0.10020884649230835
IN_TREINEIRO_1.0,-0.10020884649230835,0.10020884649230835
Q024_C,0.09985894294950551,0.09985894294950551
Q008_B,-0.09878955385031908,0.09878955385031908
Q019_D,-0.09628526217126217,0.09628526217126217
Q009_E,-0.0959529893993447,0.0959529893993447
Q004_F,-0.09521725593019967,0.09521725593019967
CO_MUNICIPIO_ESC_2709400.0,0.0951592065898447,0.0951592065898447
SG_UF_ESC_AL,0.0951592065898447,0.0951592065898447
CO_UF_ESC_27.0,0.0951592065898447,0.0951592065898447
NO_MUNICIPIO_ESC_Viçosa,0.0951592065898447,0.0951592065898447
Q005_18.0,-0.0936650136953566,0.0936650136953566
CO_MUNICIPIO_ESC_3301900.0,0.09311104463007211,0.09311104463007211
NO_MUNICIPIO_ESC_Itaboraí,0.09311104463007211,0.09311104463007211
NO_MUNICIPIO_ESC_Volta Redonda,0.09262314127698218,0.09262314127698218
CO_MUNICIPIO_ESC_3306305.0,0.09262314127698218,0.09262314127698218
TP_ESCOLA_1.0,0.09195399153712455,0.09195399153712455
CO_MUNICIPIO_ESC_3302304.0,-0.09166382376859919,0.09166382376859919
NO_MUNICIPIO_ESC_Laje do Muriaé,-0.09166382376859919,0.09166382376859919
Q014_A,-0.09154275905909214,0.09154275905909214
Q022_D,0.09110035987220905,0.09110035987220905
CO_MUNICIPIO_PROVA_3304755,0.08937581473993562,0.08937581473993562
NO_MUNICIPIO_PROVA_São Francisco de Itabapoana,0.08937581473993562,0.08937581473993562
Q012_B,0.08898069291504533,0.08898069291504533
NO_MUNICIPIO_ESC_Três Rios,0.08833707951978399,0.08833707951978399
CO_MUNICIPIO_ESC_3306008.0,0.08833707951978399,0.08833707951978399
NO_MUNICIPIO_ESC_Sumidouro,-0.08814279618078541,0.08814279618078541
CO_MUNICIPIO_ESC_3305703.0,-0.08814279618078541,0.08814279618078541
NO_MUNICIPIO_ESC_Porciúncula,-0.08734999092563112,0.08734999092563112
CO_MUNICIPIO_ESC_3304102.0,-0.08734999092563112,0.08734999092563112
CO_MUNICIPIO_ESC_3301207.0,0.08667286962343126,0.08667286962343126
NO_MUNICIPIO_ESC_Carmo,0.08667286962343126,0.08667286962343126
CO_MUNICIPIO_PROVA_3300407,0.08655980250976034,0.08655980250976034
NO_MUNICIPIO_PROVA_Barra Mansa,0.08655980250976034,0.08655980250976034
NO_MUNICIPIO_ESC_Nova Iguaçu,0.0863945018584469,0.0863945018584469
CO_MUNICIPIO_ESC_3303500.0,0.0863945018584469,0.0863945018584469
NO_MUNICIPIO_PROVA_Casimiro de Abreu,-0.0863168671637298,0.0863168671637298
CO_MUNICIPIO_PROVA_3301306,-0.0863168671637298,0.0863168671637298
NO_MUNICIPIO_ESC_Niterói,0.08562697009392473,0.08562697009392473
CO_MUNICIPIO_ESC_3303302.0,0.08562697009392473,0.08562697009392473
TP_DEPENDENCIA_ADM_ESC_4.0,-0.08550167455435324,0.08550167455435324
NO_MUNICIPIO_PROVA_São João de Meriti,-0.0844345678793904,0.0844345678793904
CO_MUNICIPIO_PROVA_3305109,-0.0844345678793904,0.0844345678793904
NO_MUNICIPIO_PROVA_Três Rios,0.08430325730752483,0.08430325730752483
CO_MUNICIPIO_PROVA_3306008,0.08430325730752483,0.08430325730752483
TP_FAIXA_ETARIA_12.0,-0.08350373415826728,0.08350373415826728
NO_MUNICIPIO_ESC_Varre-Sai,-0.0832638979831602,0.0832638979831602
CO_MUNICIPIO_ESC_3306156.0,-0.0832638979831602,0.0832638979831602
CO_MUNICIPIO_ESC_3300951.0,-0.08282941339746859,0.08282941339746859
NO_MUNICIPIO_ESC_Comendador Levy Gasparian,-0.08282941339746859,0.08282941339746859
Q001_H,-0.08211178198160558,0.08211178198160558
Q021_A,0.08142118597441723,0.08142118597441723
Q010_B,0.08124456805353478,0.08124456805353478
CO_MUNICIPIO_ESC_3302205.0,-0.08101470403510777,0.08101470403510777
NO_MUNICIPIO_ESC_Itaperuna,-0.08101470403510777,0.08101470403510777
CO_MUNICIPIO_PROVA_3300209,0.08057594978667747,0.08057594978667747
NO_MUNICIPIO_PROVA_Araruama,0.08057594978667747,0.08057594978667747
NO_MUNICIPIO_PROVA_Petrópolis,0.07812994264761453,0.07812994264761453
CO_MUNICIPIO_PROVA_3303906,0.07812994264761453,0.07812994264761453
CO_MUNICIPIO_ESC_5003207.0,0.07752875097418756,0.07752875097418756
SG_UF_ESC_MS,0.07752875097418756,0.07752875097418756
CO_UF_ESC_50.0,0.07752875097418756,0.07752875097418756
NO_MUNICIPIO_ESC_Corumbá,0.07752875097418756,0.07752875097418756
TP_NACIONALIDADE_1.0,-0.07744837185685483,0.07744837185685483
TP_COR_RACA_4.0,0.07726294625895958,0.07726294625895958
TP_LOCALIZACAO_ESC_2.0,-0.07603461837550343,0.07603461837550343
CO_MUNICIPIO_PROVA_3304557,0.07602000085963033,0.07602000085963033
NO_MUNICIPIO_PROVA_Rio de Janeiro,0.07602000085963033,0.07602000085963033
Q010_C,0.07590649764745737,0.07590649764745737
CO_MUNICIPIO_PROVA_3303302,0.07578520063647719,0.07578520063647719
NO_MUNICIPIO_PROVA_Niterói,0.07578520063647719,0.07578520063647719
Q003_F,-0.0745674696558153,0.0745674696558153
TP_FAIXA_ETARIA_10.0,0.07455787299253909,0.07455787299253909
Q016_B,-0.07450144093141357,0.07450144093141357
NO_MUNICIPIO_ESC_Santa Rita de Jacutinga,0.07446649775059926,0.07446649775059926
CO_MUNICIPIO_ESC_3159308.0,0.07446649775059926,0.07446649775059926
TP_SIT_FUNC_ESC_1.0,0.07386890542445065,0.07386890542445065
NO_MUNICIPIO_ESC_Miracema,-0.0732558122269828,0.0732558122269828
CO_MUNICIPIO_ESC_3303005.0,-0.0732558122269828,0.0732558122269828
Q005_3.0,-0.07206773179735593,0.07206773179735593
Q017_D,-0.07196534815462846,0.07196534815462846
NO_MUNICIPIO_PROVA_Iguaba Grande,-0.07167426150190485,0.07167426150190485
CO_MUNICIPIO_PROVA_3301876,-0.07167426150190485,0.07167426150190485
CO_MUNICIPIO_ESC_3300506.0,0.07123034843394356,0.07123034843394356
NO_MUNICIPIO_ESC_Bom Jardim,0.07123034843394356,0.07123034843394356
Q007_C,0.07078069307727894,0.07078069307727894
CO_MUNICIPIO_ESC_3306206.0,0.0693208732508447,0.0693208732508447
NO_MUNICIPIO_ESC_Vassouras,0.0693208732508447,0.0693208732508447
NO_MUNICIPIO_ESC_João Pessoa,-0.06827734787950232,0.06827734787950232
CO_UF_ESC_25.0,-0.06827734787950232,0.06827734787950232
CO_MUNICIPIO_ESC_2507507.0,-0.06827734787950232,0.06827734787950232
SG_UF_ESC_PB,-0.06827734787950232,0.06827734787950232
NO_MUNICIPIO_PROVA_Guapimirim,-0.0671893533852244,0.0671893533852244
CO_MUNICIPIO_PROVA_3301850,-0.0671893533852244,0.0671893533852244
Q003_E,0.06691241816022046,0.06691241816022046
Q005_2.0,0.06636943166542696,0.06636943166542696
Q008_C,0.06295222846239194,0.06295222846239194
TP_ST_CONCLUSAO_2.0,-0.06271907367117036,0.06271907367117036
TP_ESCOLA_3.0,0.0623318816221466,0.0623318816221466
Q004_D,0.0623241119970723,0.0623241119970723
NO_MUNICIPIO_ESC_Iguaba Grande,-0.061629274375377054,0.061629274375377054
CO_MUNICIPIO_ESC_3301876.0,-0.061629274375377054,0.061629274375377054
CO_MUNICIPIO_ESC_3200508.0,-0.05923106042975182,0.05923106042975182
NO_MUNICIPIO_ESC_Apiacá,-0.05923106042975182,0.05923106042975182
CO_MUNICIPIO_PROVA_3302403,0.05911993544896609,0.05911993544896609
NO_MUNICIPIO_PROVA_Macaé,0.05911993544896609,0.05911993544896609
Q011_B,-0.05796282887942667,0.05796282887942667
NO_MUNICIPIO_ESC_São João de Meriti,0.05780545137793696,0.05780545137793696
CO_MUNICIPIO_ESC_3305109.0,0.05780545137793696,0.05780545137793696
CO_MUNICIPIO_ESC_3303609.0,0.057795350156503944,0.057795350156503944
NO_MUNICIPIO_ESC_Paracambi,0.057795350156503944,0.057795350156503944
CO_MUNICIPIO_PROVA_3303500,-0.057192511850225,0.057192511850225
NO_MUNICIPIO_PROVA_Nova Iguaçu,-0.057192511850225,0.057192511850225
Q001_E,0.05632210498650112,0.05632210498650112
CO_MUNICIPIO_ESC_3302809.0,-0.05394427672128352,0.05394427672128352
NO_MUNICIPIO_ESC_Mendes,-0.05394427672128352,0.05394427672128352
Q021_B,-0.05218626810796457,0.05218626810796457
Q017_B,-0.05123977295286424,0.05123977295286424
Q007_A,-0.05094384955598631,0.05094384955598631
Q004_C,0.04956929011305336,0.04956929011305336
CO_MUNICIPIO_PROVA_3300803,-0.049281112238911615,0.049281112238911615
NO_MUNICIPIO_PROVA_Cachoeiras de Macacu,-0.049281112238911615,0.049281112238911615
Q005_15.0,-0.04892650307924679,0.04892650307924679
Q015_B,0.04809291063170641,0.04809291063170641
Q003_C,0.04792426117081576,0.04792426117081576
CO_MUNICIPIO_ESC_3302502.0,0.0477856195105728,0.0477856195105728
NO_MUNICIPIO_ESC_Magé,0.0477856195105728,0.0477856195105728
NO_MUNICIPIO_ESC_São Gonçalo,0.0476004476333594,0.0476004476333594
CO_MUNICIPIO_ESC_3304904.0,0.0476004476333594,0.0476004476333594
Q004_E,0.04691849908506961,0.04691849908506961
NO_MUNICIPIO_ESC_São José dos Campos,0.04691123045702734,0.04691123045702734
CO_MUNICIPIO_ESC_3549904.0,0.04691123045702734,0.04691123045702734
Q018_B,0.04658490113380797,0.04658490113380797
CO_MUNICIPIO_ESC_3301702.0,0.04623137507553072,0.04623137507553072
NO_MUNICIPIO_ESC_Duque de Caxias,0.04623137507553072,0.04623137507553072
NO_MUNICIPIO_ESC_Mangaratiba,-0.04529110890687811,0.04529110890687811
CO_MUNICIPIO_ESC_3302601.0,-0.04529110890687811,0.04529110890687811
Q013_C,0.044863826856733374,0.044863826856733374
NO_MUNICIPIO_ESC_Barra do Piraí,-0.044505969140424324,0.044505969140424324
CO_MUNICIPIO_ESC_3300308.0,-0.044505969140424324,0.044505969140424324
CO_UF_ESC_41.0,-0.04441116495604634,0.04441116495604634
SG_UF_ESC_PR,-0.04441116495604634,0.04441116495604634
NO_MUNICIPIO_ESC_Boa Vista da Aparecida,-0.04441116495604634,0.04441116495604634
CO_MUNICIPIO_ESC_4103057.0,-0.04441116495604634,0.04441116495604634
Q002_C,-0.043157916373513946,0.043157916373513946
NO_MUNICIPIO_PROVA_Rio Bonito,-0.04237535453703039,0.04237535453703039
CO_MUNICIPIO_PROVA_3304300,-0.04237535453703039,0.04237535453703039
Q019_B,0.04208839567593387,0.04208839567593387
CO_MUNICIPIO_ESC_3550308.0,-0.04054261806647132,0.04054261806647132
NO_MUNICIPIO_ESC_São Paulo,-0.04054261806647132,0.04054261806647132
NO_MUNICIPIO_ESC_Urutaí,0.03795240401705912,0.03795240401705912
CO_MUNICIPIO_ESC_5221809.0,0.03795240401705912,0.03795240401705912
NO_MUNICIPIO_ESC_São Sebastião do Alto,-0.03738747204857254,0.03738747204857254
CO_MUNICIPIO_ESC_3305307.0,-0.03738747204857254,0.03738747204857254
NO_MUNICIPIO_ESC_Santo Antônio de Pádua,0.03734262558628965,0.03734262558628965
CO_MUNICIPIO_ESC_3304706.0,0.03734262558628965,0.03734262558628965
Q004_B,-0.03723221018817898,0.03723221018817898
Q020_B,0.03681217134071834,0.03681217134071834
Q001_C,-0.03646804146291879,0.03646804146291879
TP_SIT_FUNC_ESC_4.0,-0.03576952051759973,0.03576952051759973
NO_MUNICIPIO_ESC_Valença,0.03487976776215238,0.03487976776215238
CO_MUNICIPIO_ESC_3306107.0,0.03487976776215238,0.03487976776215238
CO_MUNICIPIO_PROVA_3304904,-0.03441023347253207,0.03441023347253207
NO_MUNICIPIO_PROVA_São Gonçalo,-0.03441023347253207,0.03441023347253207
CO_MUNICIPIO_ESC_3300704.0,0.03355951674709765,0.03355951674709765
NO_MUNICIPIO_ESC_Cabo Frio,0.03355951674709765,0.03355951674709765
Q007_D,0.032792762595035496,0.032792762595035496
CO_MUNICIPIO_ESC_3136702.0,0.031654516753753026,0.031654516753753026
NO_MUNICIPIO_ESC_Juiz de Fora,0.031654516753753026,0.031654516753753026
CO_MUNICIPIO_PROVA_3303708,-0.030469694056344546,0.030469694056344546
NO_MUNICIPIO_PROVA_Paraíba do Sul,-0.030469694056344546,0.030469694056344546
NO_MUNICIPIO_PROVA_Magé,0.030180196319397893,0.030180196319397893
CO_MUNICIPIO_PROVA_3302502,0.030180196319397893,0.030180196319397893
CO_MUNICIPIO_PROVA_3304805,-0.029894107574640057,0.029894107574640057
NO_MUNICIPIO_PROVA_São Fidélis,-0.029894107574640057,0.029894107574640057
TP_COR_RACA_3.0,-0.029064939597951485,0.029064939597951485
CO_MUNICIPIO_ESC_3107208.0,-0.02836964545558687,0.02836964545558687
NO_MUNICIPIO_ESC_Bocaina de Minas,-0.02836964545558687,0.02836964545558687
NO_MUNICIPIO_PROVA_Paraty,-0.02759160828666229,0.02759160828666229
CO_MUNICIPIO_PROVA_3303807,-0.02759160828666229,0.02759160828666229
Q009_B,0.02729983674437914,0.02729983674437914
CO_MUNICIPIO_ESC_3300159.0,-0.026708847437332435,0.026708847437332435
NO_MUNICIPIO_ESC_Aperibé,-0.026708847437332435,0.026708847437332435
Q003_A,-0.025747382534325073,0.025747382534325073
NO_MUNICIPIO_ESC_Bom Jesus do Norte,-0.024195756300403024,0.024195756300403024
CO_MUNICIPIO_ESC_3201100.0,-0.024195756300403024,0.024195756300403024
Q010_D,-0.023938137177637226,0.023938137177637226
TP_ANO_CONCLUIU_5.0,-0.02381368087935475,0.02381368087935475
Q002_D,0.02341135627526605,0.02341135627526605
Q007_B,-0.023394688252056015,0.023394688252056015
CO_MUNICIPIO_ESC_3146701.0,-0.022958393617391836,0.022958393617391836
NO_MUNICIPIO_ESC_Palma,-0.022958393617391836,0.022958393617391836
NO_MUNICIPIO_ESC_Cambuci,-0.02253699284840348,0.02253699284840348
CO_MUNICIPIO_ESC_3300902.0,-0.02253699284840348,0.02253699284840348
NO_MUNICIPIO_PROVA_Vassouras,-0.019085018611080373,0.019085018611080373
CO_MUNICIPIO_PROVA_3306206,-0.019085018611080373,0.019085018611080373
Q017_C,-0.01862471716493216,0.01862471716493216
NO_MUNICIPIO_ESC_Teresópolis,0.01817038957589047,0.01817038957589047
CO_MUNICIPIO_ESC_3305802.0,0.01817038957589047,0.01817038957589047
NO_MUNICIPIO_ESC_Nilópolis,-0.01812992263968714,0.01812992263968714
CO_MUNICIPIO_ESC_3303203.0,-0.01812992263968714,0.01812992263968714
NO_MUNICIPIO_ESC_Maricá,0.017565652536056978,0.017565652536056978
CO_MUNICIPIO_ESC_3302700.0,0.017565652536056978,0.017565652536056978
Q018_A,-0.017349983267268856,0.017349983267268856
Q010_A,0.017330944929585434,0.017330944929585434
NO_MUNICIPIO_ESC_Campos dos Goytacazes,-0.015702998601353876,0.015702998601353876
CO_MUNICIPIO_ESC_3301009.0,-0.015702998601353876,0.015702998601353876
CO_MUNICIPIO_PROVA_3300100,0.015507152087577894,0.015507152087577894
NO_MUNICIPIO_PROVA_Angra dos Reis,0.015507152087577894,0.015507152087577894
Q023_B,0.015221067086447077,0.015221067086447077
CO_MUNICIPIO_PROVA_3303609,-0.014884498264362847,0.014884498264362847
NO_MUNICIPIO_PROVA_Paracambi,-0.014884498264362847,0.014884498264362847
Q019_C,0.014438498616534554,0.014438498616534554
Q023_A,0.01401385077702057,0.01401385077702057
NO_MUNICIPIO_PROVA_Miguel Pereira,0.012483017412945089,0.012483017412945089
CO_MUNICIPIO_PROVA_3302908,0.012483017412945089,0.012483017412945089
CO_UF_ESC_29.0,-0.012030185660488604,0.012030185660488604
NO_MUNICIPIO_ESC_Santo Antônio de Jesus,-0.012030185660488604,0.012030185660488604
SG_UF_ESC_BA,-0.012030185660488604,0.012030185660488604
CO_MUNICIPIO_ESC_2928703.0,-0.012030185660488604,0.012030185660488604
Q011_A,-0.01124286576067292,0.01124286576067292
Q006_G,-0.011018516371375908,0.011018516371375908
NO_MUNICIPIO_PROVA_Nilópolis,0.010565085680489,0.010565085680489
CO_MUNICIPIO_PROVA_3303203,0.010565085680489,0.010565085680489
NO_MUNICIPIO_ESC_Santa Maria Madalena,-0.010171761776972068,0.010171761776972068
CO_MUNICIPIO_ESC_3304607.0,-0.010171761776972068,0.010171761776972068
NO_MUNICIPIO_ESC_Rio das Ostras,0.009688707735991182,0.009688707735991182
CO_MUNICIPIO_ESC_3304524.0,0.009688707735991182,0.009688707735991182
Q001_D,-0.00866617503697225,0.00866617503697225
Q012_C,-0.00821780768975045,0.00821780768975045
Q020_A,-0.007577253478896225,0.007577253478896225
Q005_9.0,-0.0071892029748985104,0.0071892029748985104
CO_MUNICIPIO_ESC_1504604.0,-0.006834311695367135,0.006834311695367135
CO_UF_ESC_15.0,-0.006834311695367135,0.006834311695367135
NO_MUNICIPIO_ESC_Mocajuba,-0.006834311695367135,0.006834311695367135
SG_UF_ESC_PA,-0.006834311695367135,0.006834311695367135
Q009_D,-0.006224913645875186,0.006224913645875186
Q006_H,0.005111995228619377,0.005111995228619377
Q004_A,0.002872482786858598,0.002872482786858598
Q009_C,0.0026995973825597957,0.0026995973825597957
CO_MUNICIPIO_PROVA_3301009,-0.0021350796962286036,0.0021350796962286036
NO_MUNICIPIO_PROVA_Campos dos Goytacazes,-0.0021350796962286036,0.0021350796962286036
TP_FAIXA_ETARIA_11.0,7.394991124273992e-06,7.394991124273992e-06
